Satellite_ID,Launch_Date,Expected_Lifetime_years,Age_current_years,Launch_Mass_kg,Purpose,Contractor_Tier,Operator_Tier,AgeFactor,CQI,HI,MRI,SVI,Operator_Heritage_Index,Infant_Mortality_Flag,TechnicalReliabilityIndex,w_age,w_tech,w_ops,w_err,w_CQI,w_HI,w_MRI,w_SVI,Operational_Risk_Score
SAT-0001,2013-10-23,11.78,11.97,475.5,Communications,1,3,1.0,0.5,0.2,0.7,0.8,0.7,0.1,0.465,0.3,0.4,0.15,0.15,0.25,0.4,0.2,0.15,60.6
SAT-0002,2008-06-17,3.7,17.32,80.5,Navigation,1,1,1.0,0.7,0.2,0.7,0.4,0.1,0.1,0.455,0.3,0.4,0.15,0.15,0.25,0.4,0.2,0.15,51.2
SAT-0003,2006-05-21,3.25,19.4,1916.1,Earth Observation,3,1,1.0,0.3,0.8,0.3,0.6,0.1,0.1,0.545,0.3,0.4,0.15,0.15,0.25,0.4,0.2,0.15,54.8
SAT-0004,2022-02-12,5.18,3.67,924.7,Science,1,3,0.708,0.3,0.2,0.3,0.4,0.7,0.1,0.275,0.3,0.4,0.15,0.15,0.25,0.4,0.2,0.15,44.2
SAT-0005,2019-12-17,8.18,5.82,263.8,Technology Demo,1,1,0.712,0.5,0.2,0.7,0.4,0.1,0.1,0.405,0.3,0.4,0.15,0.15,0.25,0.4,0.2,0.15,40.6
SAT-0006,2018-06-16,6.51,7.33,779.0,Communications,1,1,1.0,0.3,0.2,0.3,0.8,0.1,0.1,0.335,0.3,0.4,0.15,0.15,0.25,0.4,0.2,0.15,46.4
SAT-0007,2015-07-02,5.4,10.28,393.2,Science,3,1,1.0,0.5,0.8,0.7,0.4,0.1,0.1,0.645,0.3,0.4,0.15,0.15,0.25,0.4,0.2,0.15,58.8
SAT-0008,2022-05-17,10.29,3.41,592.9,Science,1,3,0.331,0.3,0.2,0.3,0.4,0.7,0.1,0.275,0.3,0.4,0.15,0.15,0.25,0.4,0.2,0.15,32.9
SAT-0009,2009-08-13,14.59,16.17,474.6,Science,2,1,1.0,0.5,0.5,0.7,0.4,0.1,0.1,0.525,0.3,0.4,0.15,0.15,0.25,0.4,0.2,0.15,54.0
SAT-0010,2016-12-24,11.21,8.8,51.5,Technology Demo,3,2,0.785,0.7,0.8,0.7,0.4,0.4,0.1,0.695,0.3,0.4,0.15,0.15,0.25,0.4,0.2,0.15,58.9
SAT-0011,2007-08-07,3.41,18.19,249.1,Communications,1,3,1.0,0.5,0.2,0.7,0.8,0.7,0.1,0.465,0.3,0.4,0.15,0.15,0.25,0.4,0.2,0.15,60.6
SAT-0012,2015-05-20,6.74,10.4,332.3,Technology Demo,2,2,1.0,0.5,0.5,0.7,0.4,0.4,0.1,0.525,0.3,0.4,0.15,0.15,0.25,0.4,0.2,0.15,58.5
SAT-0013,2010-04-13,14.64,15.5,869.7,Earth Observation,1,2,1.0,0.3,0.2,0.3,0.6,0.4,0.1,0.305,0.3,0.4,0.15,0.15,0.25,0.4,0.2,0.15,49.7
SAT-0014,2007-05-07,10.17,18.44,4737.1,Communications,1,2,1.0,0.3,0.2,0.6,0.8,0.4,0.1,0.395,0.3,0.4,0.15,0.15,0.25,0.4,0.2,0.15,53.3
SAT-0015,2019-04-12,3.54,6.51,100.4,Communications,2,2,1.0,0.5,0.5,0.7,0.8,0.4,0.1,0.585,0.3,0.4,0.15,0.15,0.25,0.4,0.2,0.15,60.9
SAT-0016,2018-08-25,12.94,7.14,137.9,Science,2,1,0.551,0.5,0.5,0.7,0.4,0.1,0.1,0.525,0.3,0.4,0.15,0.15,0.25,0.4,0.2,0.15,40.5
SAT-0017,2009-09-27,4.69,16.04,272.7,Technology Demo,3,1,1.0,0.5,0.8,0.7,0.4,0.1,0.1,0.645,0.3,0.4,0.15,0.15,0.25,0.4,0.2,0.15,58.8
SAT-0018,2021-10-23,12.27,3.97,493.5,Technology Demo,1,3,0.324,0.5,0.2,0.7,0.4,0.7,0.1,0.405,0.3,0.4,0.15,0.15,0.25,0.4,0.2,0.15,37.9
SAT-0019,2011-03-16,11.48,14.58,408.3,Navigation,3,3,1.0,0.5,0.8,0.7,0.4,0.7,0.1,0.645,0.3,0.4,0.15,0.15,0.25,0.4,0.2,0.15,67.8
SAT-0020,2023-06-20,7.3,2.32,648.1,Navigation,3,1,0.317,0.3,0.8,0.3,0.4,0.1,0.1,0.515,0.3,0.4,0.15,0.15,0.25,0.4,0.2,0.15,33.1
SAT-0021,2024-07-06,6.97,1.27,1746.6,Communications,1,3,0.182,0.3,0.2,0.3,0.8,0.7,0.1,0.335,0.3,0.4,0.15,0.15,0.25,0.4,0.2,0.15,30.9
SAT-0022,2013-01-12,11.76,12.75,164.6,Earth Observation,2,1,1.0,0.5,0.5,0.7,0.6,0.1,0.1,0.555,0.3,0.4,0.15,0.15,0.25,0.4,0.2,0.15,55.2
SAT-0023,2011-07-09,4.44,14.26,1444.4,Earth Observation,1,2,1.0,0.3,0.2,0.3,0.6,0.4,0.1,0.305,0.3,0.4,0.15,0.15,0.25,0.4,0.2,0.15,49.7
SAT-0024,2015-11-28,12.25,9.88,1622.6,Navigation,2,3,0.806,0.3,0.5,0.3,0.4,0.7,0.1,0.395,0.3,0.4,0.15,0.15,0.25,0.4,0.2,0.15,52.0
SAT-0025,2023-08-17,3.31,2.16,1355.1,Navigation,1,2,0.653,0.3,0.2,0.3,0.4,0.4,0.1,0.275,0.3,0.4,0.15,0.15,0.25,0.4,0.2,0.15,38.1
SAT-0026,2015-08-12,6.77,10.17,319.3,Navigation,1,3,1.0,0.5,0.2,0.7,0.4,0.7,0.1,0.405,0.3,0.4,0.15,0.15,0.25,0.4,0.2,0.15,58.2
SAT-0027,2010-09-03,7.92,15.11,3123.2,Navigation,3,3,1.0,0.3,0.8,0.6,0.4,0.7,0.1,0.575,0.3,0.4,0.15,0.15,0.25,0.4,0.2,0.15,65.0
SAT-0028,2022-07-24,6.48,3.22,41.3,Communications,3,3,0.498,0.7,0.8,0.7,0.8,0.7,0.1,0.755,0.3,0.4,0.15,0.15,0.25,0.4,0.2,0.15,57.1
SAT-0029,2008-05-09,10.6,17.43,4520.3,Earth Observation,3,3,1.0,0.3,0.8,0.6,0.6,0.7,0.1,0.605,0.3,0.4,0.15,0.15,0.25,0.4,0.2,0.15,66.2
SAT-0030,2014-12-31,13.71,10.79,873.1,Earth Observation,1,2,0.787,0.3,0.2,0.3,0.6,0.4,0.1,0.305,0.3,0.4,0.15,0.15,0.25,0.4,0.2,0.15,43.3
SAT-0031,2023-08-02,6.82,2.2,2292.2,Technology Demo,2,3,0.323,0.3,0.5,0.3,0.4,0.7,0.1,0.395,0.3,0.4,0.15,0.15,0.25,0.4,0.2,0.15,37.5
SAT-0032,2008-07-27,12.82,17.21,215.3,Science,1,3,1.0,0.5,0.2,0.7,0.4,0.7,0.1,0.405,0.3,0.4,0.15,0.15,0.25,0.4,0.2,0.15,58.2
SAT-0033,2021-05-05,8.01,4.44,256.8,Navigation,1,1,0.555,0.5,0.2,0.7,0.4,0.1,0.1,0.405,0.3,0.4,0.15,0.15,0.25,0.4,0.2,0.15,35.8
SAT-0034,2019-04-28,14.31,6.46,170.8,Communications,2,2,0.452,0.5,0.5,0.7,0.8,0.4,0.1,0.585,0.3,0.4,0.15,0.15,0.25,0.4,0.2,0.15,44.4
SAT-0035,2006-05-08,7.36,19.44,1906.0,Navigation,1,1,1.0,0.3,0.2,0.3,0.4,0.1,0.1,0.275,0.3,0.4,0.15,0.15,0.25,0.4,0.2,0.15,44.0
SAT-0036,2019-10-08,8.97,6.02,3129.5,Science,3,2,0.671,0.3,0.8,0.6,0.4,0.4,0.1,0.575,0.3,0.4,0.15,0.15,0.25,0.4,0.2,0.15,50.6
SAT-0037,2015-09-24,10.31,10.05,21.3,Earth Observation,3,2,0.975,0.7,0.8,0.7,0.6,0.4,0.1,0.725,0.3,0.4,0.15,0.15,0.25,0.4,0.2,0.15,65.7
SAT-0038,2020-12-29,13.9,4.79,141.5,Technology Demo,3,2,0.345,0.5,0.8,0.7,0.4,0.4,0.1,0.645,0.3,0.4,0.15,0.15,0.25,0.4,0.2,0.15,43.6
SAT-0039,2020-12-10,14.83,4.84,246.3,Earth Observation,2,1,0.326,0.5,0.5,0.7,0.6,0.1,0.1,0.555,0.3,0.4,0.15,0.15,0.25,0.4,0.2,0.15,35.0
SAT-0040,2011-03-22,5.85,14.56,2023.2,Earth Observation,3,3,1.0,0.3,0.8,0.3,0.6,0.7,0.1,0.545,0.3,0.4,0.15,0.15,0.25,0.4,0.2,0.15,63.8
SAT-0041,2015-01-26,10.6,10.72,317.3,Science,2,3,1.0,0.5,0.5,0.7,0.4,0.7,0.1,0.525,0.3,0.4,0.15,0.15,0.25,0.4,0.2,0.15,63.0
SAT-0042,2022-01-20,6.85,3.73,418.1,Science,2,3,0.545,0.5,0.5,0.7,0.4,0.7,0.1,0.525,0.3,0.4,0.15,0.15,0.25,0.4,0.2,0.15,49.3
SAT-0043,2025-06-14,11.13,0.33,296.7,Technology Demo,2,1,0.03,0.5,0.5,0.7,0.4,0.1,0.8,0.525,0.3,0.4,0.15,0.15,0.25,0.4,0.2,0.15,35.4
SAT-0044,2022-04-19,10.74,3.49,953.0,Earth Observation,3,2,0.325,0.3,0.8,0.3,0.6,0.4,0.1,0.545,0.3,0.4,0.15,0.15,0.25,0.4,0.2,0.15,39.0
SAT-0045,2023-01-13,14.24,2.75,1273.5,Communications,1,1,0.193,0.3,0.2,0.3,0.8,0.1,0.1,0.335,0.3,0.4,0.15,0.15,0.25,0.4,0.2,0.15,22.2
SAT-0046,2008-03-28,14.1,17.55,59.4,Earth Observation,3,1,1.0,0.7,0.8,0.7,0.6,0.1,0.1,0.725,0.3,0.4,0.15,0.15,0.25,0.4,0.2,0.15,62.0
SAT-0047,2014-09-06,12.81,11.1,331.0,Technology Demo,3,1,0.867,0.5,0.8,0.7,0.4,0.1,0.1,0.645,0.3,0.4,0.15,0.15,0.25,0.4,0.2,0.15,54.8
SAT-0048,2007-11-03,4.12,17.94,983.7,Technology Demo,2,3,1.0,0.3,0.5,0.3,0.4,0.7,0.1,0.395,0.3,0.4,0.15,0.15,0.25,0.4,0.2,0.15,57.8
SAT-0049,2018-10-20,7.07,6.98,4082.8,Technology Demo,3,2,0.988,0.3,0.8,0.6,0.4,0.4,0.1,0.575,0.3,0.4,0.15,0.15,0.25,0.4,0.2,0.15,60.1
SAT-0050,2010-03-10,13.65,15.6,2294.2,Science,1,3,1.0,0.3,0.2,0.3,0.4,0.7,0.1,0.275,0.3,0.4,0.15,0.15,0.25,0.4,0.2,0.15,53.0
SAT-0051,2007-10-25,4.94,17.97,668.3,Communications,3,3,1.0,0.3,0.8,0.3,0.8,0.7,0.1,0.575,0.3,0.4,0.15,0.15,0.25,0.4,0.2,0.15,65.0
SAT-0052,2012-07-07,4.22,13.27,518.4,Navigation,3,2,1.0,0.3,0.8,0.3,0.4,0.4,0.1,0.515,0.3,0.4,0.15,0.15,0.25,0.4,0.2,0.15,58.1
SAT-0053,2011-12-12,9.58,13.84,82.9,Communications,2,2,1.0,0.7,0.5,0.7,0.8,0.4,0.1,0.635,0.3,0.4,0.15,0.15,0.25,0.4,0.2,0.15,62.9
SAT-0054,2021-01-14,11.55,4.74,948.5,Earth Observation,2,1,0.411,0.3,0.5,0.3,0.6,0.1,0.1,0.425,0.3,0.4,0.15,0.15,0.25,0.4,0.2,0.15,32.3
SAT-0055,2008-10-19,10.8,16.98,374.0,Navigation,3,1,1.0,0.5,0.8,0.7,0.4,0.1,0.1,0.645,0.3,0.4,0.15,0.15,0.25,0.4,0.2,0.15,58.8
SAT-0056,2018-06-06,4.12,7.35,1636.6,Science,1,3,1.0,0.3,0.2,0.3,0.4,0.7,0.1,0.275,0.3,0.4,0.15,0.15,0.25,0.4,0.2,0.15,53.0
SAT-0057,2017-12-03,14.68,7.86,124.3,Navigation,3,3,0.536,0.5,0.8,0.7,0.4,0.7,0.1,0.645,0.3,0.4,0.15,0.15,0.25,0.4,0.2,0.15,53.9
SAT-0058,2015-09-25,12.54,10.05,1762.3,Science,1,1,0.802,0.3,0.2,0.3,0.4,0.1,0.1,0.275,0.3,0.4,0.15,0.15,0.25,0.4,0.2,0.15,38.1
SAT-0059,2011-05-03,5.34,14.45,1485.0,Navigation,1,3,1.0,0.3,0.2,0.3,0.4,0.7,0.1,0.275,0.3,0.4,0.15,0.15,0.25,0.4,0.2,0.15,53.0
SAT-0060,2022-03-30,10.75,3.54,15.1,Science,1,3,0.33,0.7,0.2,0.7,0.4,0.7,0.1,0.455,0.3,0.4,0.15,0.15,0.25,0.4,0.2,0.15,40.1
SAT-0061,2018-05-19,13.98,7.4,4884.8,Navigation,2,1,0.53,0.3,0.5,0.6,0.4,0.1,0.1,0.455,0.3,0.4,0.15,0.15,0.25,0.4,0.2,0.15,37.1
SAT-0062,2006-06-14,8.14,19.33,464.4,Communications,2,2,1.0,0.5,0.5,0.7,0.8,0.4,0.1,0.585,0.3,0.4,0.15,0.15,0.25,0.4,0.2,0.15,60.9
SAT-0063,2018-01-30,6.53,7.7,4632.5,Earth Observation,1,1,1.0,0.3,0.2,0.6,0.6,0.1,0.1,0.365,0.3,0.4,0.15,0.15,0.25,0.4,0.2,0.15,47.6
SAT-0064,2014-08-25,5.03,11.14,1133.8,Science,1,1,1.0,0.3,0.2,0.3,0.4,0.1,0.1,0.275,0.3,0.4,0.15,0.15,0.25,0.4,0.2,0.15,44.0
SAT-0065,2023-11-04,9.84,1.94,4240.1,Technology Demo,1,3,0.197,0.3,0.2,0.6,0.4,0.7,0.1,0.335,0.3,0.4,0.15,0.15,0.25,0.4,0.2,0.15,31.3
SAT-0066,2015-06-02,4.68,10.37,2480.1,Earth Observation,1,3,1.0,0.3,0.2,0.3,0.6,0.7,0.1,0.305,0.3,0.4,0.15,0.15,0.25,0.4,0.2,0.15,54.2
SAT-0067,2011-09-26,11.36,14.05,1981.5,Technology Demo,3,1,1.0,0.3,0.8,0.3,0.4,0.1,0.1,0.515,0.3,0.4,0.15,0.15,0.25,0.4,0.2,0.15,53.6
SAT-0068,2009-08-01,12.71,16.2,148.9,Navigation,3,3,1.0,0.5,0.8,0.7,0.4,0.7,0.1,0.645,0.3,0.4,0.15,0.15,0.25,0.4,0.2,0.15,67.8
SAT-0069,2015-10-03,9.14,10.03,2326.5,Technology Demo,1,3,1.0,0.3,0.2,0.3,0.4,0.7,0.1,0.275,0.3,0.4,0.15,0.15,0.25,0.4,0.2,0.15,53.0
SAT-0070,2009-11-13,11.42,15.92,1799.9,Earth Observation,3,2,1.0,0.3,0.8,0.3,0.6,0.4,0.1,0.545,0.3,0.4,0.15,0.15,0.25,0.4,0.2,0.15,59.3
SAT-0071,2023-11-27,7.51,1.88,1176.0,Technology Demo,3,3,0.25,0.3,0.8,0.3,0.4,0.7,0.1,0.515,0.3,0.4,0.15,0.15,0.25,0.4,0.2,0.15,40.1
SAT-0072,2014-12-06,8.59,10.85,571.9,Navigation,2,3,1.0,0.3,0.5,0.3,0.4,0.7,0.1,0.395,0.3,0.4,0.15,0.15,0.25,0.4,0.2,0.15,57.8
SAT-0073,2025-01-14,3.37,0.75,296.6,Technology Demo,1,1,0.222,0.5,0.2,0.7,0.4,0.1,0.8,0.405,0.3,0.4,0.15,0.15,0.25,0.4,0.2,0.15,36.4
SAT-0074,2015-05-05,4.52,10.44,1220.4,Earth Observation,1,2,1.0,0.3,0.2,0.3,0.6,0.4,0.1,0.305,0.3,0.4,0.15,0.15,0.25,0.4,0.2,0.15,49.7
SAT-0075,2024-01-29,10.47,1.71,931.6,Communications,3,3,0.163,0.3,0.8,0.3,0.8,0.7,0.1,0.575,0.3,0.4,0.15,0.15,0.25,0.4,0.2,0.15,39.9
SAT-0076,2013-01-13,9.49,12.75,267.1,Earth Observation,3,1,1.0,0.5,0.8,0.7,0.6,0.1,0.1,0.675,0.3,0.4,0.15,0.15,0.25,0.4,0.2,0.15,60.0
SAT-0077,2019-04-29,9.2,6.46,2451.7,Communications,1,3,0.702,0.3,0.2,0.3,0.8,0.7,0.1,0.335,0.3,0.4,0.15,0.15,0.25,0.4,0.2,0.15,46.5
SAT-0078,2024-03-19,8.27,1.57,1041.7,Communications,1,1,0.19,0.3,0.2,0.3,0.8,0.1,0.1,0.335,0.3,0.4,0.15,0.15,0.25,0.4,0.2,0.15,22.1
SAT-0079,2011-11-12,13.03,13.92,481.4,Communications,2,1,1.0,0.5,0.5,0.7,0.8,0.1,0.1,0.585,0.3,0.4,0.15,0.15,0.25,0.4,0.2,0.15,56.4
SAT-0080,2020-10-11,4.88,5.0,89.1,Science,1,2,1.0,0.7,0.2,0.7,0.4,0.4,0.1,0.455,0.3,0.4,0.15,0.15,0.25,0.4,0.2,0.15,55.7
SAT-0081,2020-03-09,10.92,5.6,1929.2,Technology Demo,1,3,0.513,0.3,0.2,0.3,0.4,0.7,0.1,0.275,0.3,0.4,0.15,0.15,0.25,0.4,0.2,0.15,38.4
SAT-0082,2013-07-20,9.65,12.23,4344.7,Earth Observation,3,3,1.0,0.3,0.8,0.6,0.6,0.7,0.1,0.605,0.3,0.4,0.15,0.15,0.25,0.4,0.2,0.15,66.2
SAT-0083,2010-08-17,7.27,15.16,126.1,Science,2,1,1.0,0.5,0.5,0.7,0.4,0.1,0.1,0.525,0.3,0.4,0.15,0.15,0.25,0.4,0.2,0.15,54.0
SAT-0084,2024-12-20,3.55,0.81,60.7,Technology Demo,2,1,0.229,0.7,0.5,0.7,0.4,0.1,0.8,0.575,0.3,0.4,0.15,0.15,0.25,0.4,0.2,0.15,43.4
SAT-0085,2023-10-30,8.69,1.96,1907.3,Communications,1,3,0.225,0.3,0.2,0.3,0.8,0.7,0.1,0.335,0.3,0.4,0.15,0.15,0.25,0.4,0.2,0.15,32.2
SAT-0086,2017-02-08,5.08,8.68,238.3,Technology Demo,2,2,1.0,0.5,0.5,0.7,0.4,0.4,0.1,0.525,0.3,0.4,0.15,0.15,0.25,0.4,0.2,0.15,58.5
SAT-0087,2024-11-17,10.62,0.91,309.1,Technology Demo,2,3,0.085,0.5,0.5,0.7,0.4,0.7,0.8,0.525,0.3,0.4,0.15,0.15,0.25,0.4,0.2,0.15,46.1
SAT-0088,2008-08-27,9.04,17.13,314.1,Communications,3,3,1.0,0.5,0.8,0.7,0.8,0.7,0.1,0.705,0.3,0.4,0.15,0.15,0.25,0.4,0.2,0.15,70.2
SAT-0089,2012-12-08,3.85,12.85,825.9,Communications,1,2,1.0,0.3,0.2,0.3,0.8,0.4,0.1,0.335,0.3,0.4,0.15,0.15,0.25,0.4,0.2,0.15,50.9
SAT-0090,2014-04-11,14.28,11.51,294.1,Navigation,1,1,0.806,0.5,0.2,0.7,0.4,0.1,0.1,0.405,0.3,0.4,0.15,0.15,0.25,0.4,0.2,0.15,43.4
SAT-0091,2014-11-15,8.5,10.91,322.7,Earth Observation,1,3,1.0,0.5,0.2,0.7,0.6,0.7,0.1,0.435,0.3,0.4,0.15,0.15,0.25,0.4,0.2,0.15,59.4
SAT-0092,2007-09-05,14.53,18.11,3465.3,Technology Demo,1,2,1.0,0.3,0.2,0.6,0.4,0.4,0.1,0.335,0.3,0.4,0.15,0.15,0.25,0.4,0.2,0.15,50.9
SAT-0093,2025-06-02,4.21,0.36,37.5,Earth Observation,2,2,0.087,0.7,0.5,0.7,0.6,0.4,0.8,0.605,0.3,0.4,0.15,0.15,0.25,0.4,0.2,0.15,44.8
SAT-0094,2019-05-28,3.85,6.38,342.5,Earth Observation,1,2,1.0,0.5,0.2,0.7,0.6,0.4,0.1,0.435,0.3,0.4,0.15,0.15,0.25,0.4,0.2,0.15,54.9
SAT-0095,2020-02-24,12.77,5.64,546.5,Science,1,1,0.441,0.3,0.2,0.3,0.4,0.1,0.1,0.275,0.3,0.4,0.15,0.15,0.25,0.4,0.2,0.15,27.2
SAT-0096,2008-03-27,10.55,17.55,349.3,Science,1,1,1.0,0.5,0.2,0.7,0.4,0.1,0.1,0.405,0.3,0.4,0.15,0.15,0.25,0.4,0.2,0.15,49.2
SAT-0097,2022-03-27,6.38,3.55,2107.0,Earth Observation,1,2,0.556,0.3,0.2,0.3,0.6,0.4,0.1,0.305,0.3,0.4,0.15,0.15,0.25,0.4,0.2,0.15,36.4
SAT-0098,2017-07-13,14.89,8.25,2113.7,Technology Demo,2,1,0.554,0.3,0.5,0.3,0.4,0.1,0.1,0.395,0.3,0.4,0.15,0.15,0.25,0.4,0.2,0.15,35.4
SAT-0099,2007-03-03,7.09,18.62,388.9,Technology Demo,1,1,1.0,0.5,0.2,0.7,0.4,0.1,0.1,0.405,0.3,0.4,0.15,0.15,0.25,0.4,0.2,0.15,49.2
SAT-0100,2010-09-11,12.01,15.09,1358.0,Technology Demo,1,2,1.0,0.3,0.2,0.3,0.4,0.4,0.1,0.275,0.3,0.4,0.15,0.15,0.25,0.4,0.2,0.15,48.5
SAT-0101,2009-04-03,9.06,16.53,451.6,Navigation,2,2,1.0,0.5,0.5,0.7,0.4,0.4,0.1,0.525,0.3,0.4,0.15,0.15,0.25,0.4,0.2,0.15,58.5
SAT-0102,2025-07-26,7.67,0.22,448.1,Technology Demo,3,3,0.028,0.5,0.8,0.7,0.4,0.7,0.8,0.645,0.3,0.4,0.15,0.15,0.25,0.4,0.2,0.15,49.1
SAT-0103,2006-10-13,6.83,19.0,2728.2,Science,3,3,1.0,0.3,0.8,0.6,0.4,0.7,0.1,0.575,0.3,0.4,0.15,0.15,0.25,0.4,0.2,0.15,65.0
SAT-0104,2016-10-25,10.58,8.97,3933.6,Technology Demo,1,1,0.848,0.3,0.2,0.6,0.4,0.1,0.1,0.335,0.3,0.4,0.15,0.15,0.25,0.4,0.2,0.15,41.8
SAT-0105,2010-09-26,11.07,15.05,166.3,Navigation,1,1,1.0,0.5,0.2,0.7,0.4,0.1,0.1,0.405,0.3,0.4,0.15,0.15,0.25,0.4,0.2,0.15,49.2
SAT-0106,2015-11-24,4.09,9.89,2079.2,Science,3,3,1.0,0.3,0.8,0.3,0.4,0.7,0.1,0.515,0.3,0.4,0.15,0.15,0.25,0.4,0.2,0.15,62.6
SAT-0107,2008-01-12,8.3,17.75,276.1,Communications,3,2,1.0,0.5,0.8,0.7,0.8,0.4,0.1,0.705,0.3,0.4,0.15,0.15,0.25,0.4,0.2,0.15,65.7
SAT-0108,2010-07-22,4.72,15.23,61.2,Communications,1,3,1.0,0.7,0.2,0.7,0.8,0.7,0.1,0.515,0.3,0.4,0.15,0.15,0.25,0.4,0.2,0.15,62.6
SAT-0109,2011-10-07,4.01,14.02,702.2,Technology Demo,3,3,1.0,0.3,0.8,0.3,0.4,0.7,0.1,0.515,0.3,0.4,0.15,0.15,0.25,0.4,0.2,0.15,62.6
SAT-0110,2024-02-27,11.47,1.63,411.5,Earth Observation,1,3,0.142,0.5,0.2,0.7,0.6,0.7,0.1,0.435,0.3,0.4,0.15,0.15,0.25,0.4,0.2,0.15,33.7
SAT-0111,2018-05-16,7.49,7.41,493.4,Communications,1,1,0.99,0.5,0.2,0.7,0.8,0.1,0.1,0.465,0.3,0.4,0.15,0.15,0.25,0.4,0.2,0.15,51.3
SAT-0112,2010-09-19,14.83,15.07,2394.5,Science,1,3,1.0,0.3,0.2,0.3,0.4,0.7,0.1,0.275,0.3,0.4,0.15,0.15,0.25,0.4,0.2,0.15,53.0
SAT-0113,2014-08-13,12.33,11.17,44.5,Earth Observation,2,1,0.906,0.7,0.5,0.7,0.6,0.1,0.1,0.605,0.3,0.4,0.15,0.15,0.25,0.4,0.2,0.15,54.4
SAT-0114,2015-12-07,4.33,9.85,453.5,Science,1,3,1.0,0.5,0.2,0.7,0.4,0.7,0.1,0.405,0.3,0.4,0.15,0.15,0.25,0.4,0.2,0.15,58.2
SAT-0115,2023-05-30,3.68,2.38,235.9,Science,1,3,0.647,0.5,0.2,0.7,0.4,0.7,0.1,0.405,0.3,0.4,0.15,0.15,0.25,0.4,0.2,0.15,47.6
SAT-0116,2014-02-12,11.95,11.67,325.7,Communications,2,3,0.976,0.5,0.5,0.7,0.8,0.7,0.1,0.585,0.3,0.4,0.15,0.15,0.25,0.4,0.2,0.15,64.7
SAT-0117,2008-05-30,6.43,17.37,3437.2,Science,3,3,1.0,0.3,0.8,0.6,0.4,0.7,0.1,0.575,0.3,0.4,0.15,0.15,0.25,0.4,0.2,0.15,65.0
SAT-0118,2006-05-22,3.15,19.4,481.7,Navigation,2,1,1.0,0.5,0.5,0.7,0.4,0.1,0.1,0.525,0.3,0.4,0.15,0.15,0.25,0.4,0.2,0.15,54.0
SAT-0119,2005-12-04,9.33,19.86,445.9,Navigation,1,2,1.0,0.5,0.2,0.7,0.4,0.4,0.1,0.405,0.3,0.4,0.15,0.15,0.25,0.4,0.2,0.15,53.7
SAT-0120,2015-04-28,14.63,10.46,278.3,Technology Demo,1,3,0.715,0.5,0.2,0.7,0.4,0.7,0.1,0.405,0.3,0.4,0.15,0.15,0.25,0.4,0.2,0.15,49.7
SAT-0121,2013-03-26,8.45,12.55,1891.5,Navigation,2,2,1.0,0.3,0.5,0.3,0.4,0.4,0.1,0.395,0.3,0.4,0.15,0.15,0.25,0.4,0.2,0.15,53.3
SAT-0122,2020-03-01,3.55,5.62,2302.3,Communications,1,2,1.0,0.3,0.2,0.3,0.8,0.4,0.1,0.335,0.3,0.4,0.15,0.15,0.25,0.4,0.2,0.15,50.9
SAT-0123,2013-05-19,8.47,12.4,4725.7,Science,3,1,1.0,0.3,0.8,0.6,0.4,0.1,0.1,0.575,0.3,0.4,0.15,0.15,0.25,0.4,0.2,0.15,56.0
SAT-0124,2018-09-19,8.56,7.07,96.5,Communications,3,1,0.825,0.7,0.8,0.7,0.8,0.1,0.1,0.755,0.3,0.4,0.15,0.15,0.25,0.4,0.2,0.15,58.0
SAT-0125,2006-01-22,14.69,19.72,655.5,Science,2,1,1.0,0.3,0.5,0.3,0.4,0.1,0.1,0.395,0.3,0.4,0.15,0.15,0.25,0.4,0.2,0.15,48.8
SAT-0126,2009-07-05,6.71,16.28,1572.2,Navigation,1,1,1.0,0.3,0.2,0.3,0.4,0.1,0.1,0.275,0.3,0.4,0.15,0.15,0.25,0.4,0.2,0.15,44.0
SAT-0127,2009-05-02,13.93,16.45,825.2,Navigation,2,1,1.0,0.3,0.5,0.3,0.4,0.1,0.1,0.395,0.3,0.4,0.15,0.15,0.25,0.4,0.2,0.15,48.8
SAT-0128,2017-06-02,10.36,8.36,4314.3,Technology Demo,3,3,0.807,0.3,0.8,0.6,0.4,0.7,0.1,0.575,0.3,0.4,0.15,0.15,0.25,0.4,0.2,0.15,59.2
SAT-0129,2025-04-04,3.54,0.53,4665.2,Navigation,3,3,0.149,0.3,0.8,0.6,0.4,0.7,0.8,0.575,0.3,0.4,0.15,0.15,0.25,0.4,0.2,0.15,50.0
SAT-0130,2022-10-11,14.85,3.01,405.8,Science,1,3,0.203,0.5,0.2,0.7,0.4,0.7,0.1,0.405,0.3,0.4,0.15,0.15,0.25,0.4,0.2,0.15,34.3
SAT-0131,2008-12-10,14.64,16.84,1261.8,Science,2,3,1.0,0.3,0.5,0.3,0.4,0.7,0.1,0.395,0.3,0.4,0.15,0.15,0.25,0.4,0.2,0.15,57.8
SAT-0132,2020-04-25,7.98,5.47,1437.4,Communications,1,2,0.685,0.3,0.2,0.3,0.8,0.4,0.1,0.335,0.3,0.4,0.15,0.15,0.25,0.4,0.2,0.15,41.5
SAT-0133,2005-10-16,12.75,19.99,432.8,Communications,1,3,1.0,0.5,0.2,0.7,0.8,0.7,0.1,0.465,0.3,0.4,0.15,0.15,0.25,0.4,0.2,0.15,60.6
SAT-0134,2006-11-21,12.23,18.9,3888.6,Science,1,2,1.0,0.3,0.2,0.6,0.4,0.4,0.1,0.335,0.3,0.4,0.15,0.15,0.25,0.4,0.2,0.15,50.9
SAT-0135,2023-03-15,8.41,2.58,994.7,Navigation,3,1,0.307,0.3,0.8,0.3,0.4,0.1,0.1,0.515,0.3,0.4,0.15,0.15,0.25,0.4,0.2,0.15,32.8
SAT-0136,2012-05-08,5.74,13.43,4015.4,Navigation,1,3,1.0,0.3,0.2,0.6,0.4,0.7,0.1,0.335,0.3,0.4,0.15,0.15,0.25,0.4,0.2,0.15,55.4
SAT-0137,2012-05-09,4.36,13.43,1216.3,Navigation,3,2,1.0,0.3,0.8,0.3,0.4,0.4,0.1,0.515,0.3,0.4,0.15,0.15,0.25,0.4,0.2,0.15,58.1
SAT-0138,2008-09-27,9.24,17.04,2044.6,Navigation,1,1,1.0,0.3,0.2,0.3,0.4,0.1,0.1,0.275,0.3,0.4,0.15,0.15,0.25,0.4,0.2,0.15,44.0
SAT-0139,2017-09-18,13.52,8.07,1621.9,Technology Demo,2,1,0.597,0.3,0.5,0.3,0.4,0.1,0.1,0.395,0.3,0.4,0.15,0.15,0.25,0.4,0.2,0.15,36.7
SAT-0140,2013-05-18,12.06,12.41,17.3,Communications,2,1,1.0,0.7,0.5,0.7,0.8,0.1,0.1,0.635,0.3,0.4,0.15,0.15,0.25,0.4,0.2,0.15,58.4
SAT-0141,2025-06-29,4.64,0.29,925.9,Navigation,1,3,0.063,0.3,0.2,0.3,0.4,0.7,0.8,0.275,0.3,0.4,0.15,0.15,0.25,0.4,0.2,0.15,35.4
SAT-0142,2017-01-13,7.71,8.75,296.2,Technology Demo,3,3,1.0,0.5,0.8,0.7,0.4,0.7,0.1,0.645,0.3,0.4,0.15,0.15,0.25,0.4,0.2,0.15,67.8
SAT-0143,2010-02-10,9.17,15.67,3370.6,Technology Demo,3,1,1.0,0.3,0.8,0.6,0.4,0.1,0.1,0.575,0.3,0.4,0.15,0.15,0.25,0.4,0.2,0.15,56.0
SAT-0144,2006-10-17,13.35,18.99,312.2,Communications,1,3,1.0,0.5,0.2,0.7,0.8,0.7,0.1,0.465,0.3,0.4,0.15,0.15,0.25,0.4,0.2,0.15,60.6
SAT-0145,2020-08-14,8.91,5.16,463.5,Earth Observation,3,1,0.58,0.5,0.8,0.7,0.6,0.1,0.1,0.675,0.3,0.4,0.15,0.15,0.25,0.4,0.2,0.15,47.4
SAT-0146,2019-03-18,8.91,6.58,490.1,Navigation,3,3,0.738,0.5,0.8,0.7,0.4,0.7,0.1,0.645,0.3,0.4,0.15,0.15,0.25,0.4,0.2,0.15,59.9
SAT-0147,2023-03-17,3.91,2.58,980.3,Earth Observation,2,1,0.659,0.3,0.5,0.3,0.6,0.1,0.1,0.425,0.3,0.4,0.15,0.15,0.25,0.4,0.2,0.15,39.8
SAT-0148,2012-12-19,4.67,12.82,78.5,Communications,2,2,1.0,0.7,0.5,0.7,0.8,0.4,0.1,0.635,0.3,0.4,0.15,0.15,0.25,0.4,0.2,0.15,62.9
SAT-0149,2016-04-21,13.76,9.48,174.8,Communications,2,1,0.689,0.5,0.5,0.7,0.8,0.1,0.1,0.585,0.3,0.4,0.15,0.15,0.25,0.4,0.2,0.15,47.1
SAT-0150,2024-12-19,5.31,0.82,844.6,Earth Observation,3,1,0.154,0.3,0.8,0.3,0.6,0.1,0.8,0.545,0.3,0.4,0.15,0.15,0.25,0.4,0.2,0.15,39.9
SAT-0151,2024-01-05,5.12,1.77,141.5,Navigation,3,2,0.346,0.5,0.8,0.7,0.4,0.4,0.1,0.645,0.3,0.4,0.15,0.15,0.25,0.4,0.2,0.15,43.7
SAT-0152,2018-07-02,5.48,7.29,232.0,Science,3,1,1.0,0.5,0.8,0.7,0.4,0.1,0.1,0.645,0.3,0.4,0.15,0.15,0.25,0.4,0.2,0.15,58.8
SAT-0153,2009-10-18,3.47,15.99,1880.8,Earth Observation,1,1,1.0,0.3,0.2,0.3,0.6,0.1,0.1,0.305,0.3,0.4,0.15,0.15,0.25,0.4,0.2,0.15,45.2
SAT-0154,2007-05-15,13.48,18.42,663.5,Technology Demo,1,1,1.0,0.3,0.2,0.3,0.4,0.1,0.1,0.275,0.3,0.4,0.15,0.15,0.25,0.4,0.2,0.15,44.0
SAT-0155,2010-10-26,12.67,14.97,140.6,Navigation,2,3,1.0,0.5,0.5,0.7,0.4,0.7,0.1,0.525,0.3,0.4,0.15,0.15,0.25,0.4,0.2,0.15,63.0
SAT-0156,2016-02-04,7.45,9.69,107.0,Earth Observation,2,1,1.0,0.5,0.5,0.7,0.6,0.1,0.1,0.555,0.3,0.4,0.15,0.15,0.25,0.4,0.2,0.15,55.2
SAT-0157,2010-11-01,8.55,14.95,1237.8,Communications,2,1,1.0,0.3,0.5,0.3,0.8,0.1,0.1,0.455,0.3,0.4,0.15,0.15,0.25,0.4,0.2,0.15,51.2
SAT-0158,2007-11-18,11.56,17.9,128.5,Technology Demo,1,1,1.0,0.5,0.2,0.7,0.4,0.1,0.1,0.405,0.3,0.4,0.15,0.15,0.25,0.4,0.2,0.15,49.2
SAT-0159,2016-11-01,4.29,8.95,1564.2,Technology Demo,2,2,1.0,0.3,0.5,0.3,0.4,0.4,0.1,0.395,0.3,0.4,0.15,0.15,0.25,0.4,0.2,0.15,53.3
SAT-0160,2018-03-28,6.23,7.55,984.9,Earth Observation,1,1,1.0,0.3,0.2,0.3,0.6,0.1,0.1,0.305,0.3,0.4,0.15,0.15,0.25,0.4,0.2,0.15,45.2
SAT-0161,2019-03-27,5.54,6.55,163.1,Earth Observation,2,2,1.0,0.5,0.5,0.7,0.6,0.4,0.1,0.555,0.3,0.4,0.15,0.15,0.25,0.4,0.2,0.15,59.7
SAT-0162,2012-03-15,10.12,13.58,445.6,Navigation,1,2,1.0,0.5,0.2,0.7,0.4,0.4,0.1,0.405,0.3,0.4,0.15,0.15,0.25,0.4,0.2,0.15,53.7
SAT-0163,2015-01-16,4.04,10.74,1496.9,Navigation,3,3,1.0,0.3,0.8,0.3,0.4,0.7,0.1,0.515,0.3,0.4,0.15,0.15,0.25,0.4,0.2,0.15,62.6
SAT-0164,2023-03-27,8.18,2.55,1990.9,Technology Demo,3,3,0.312,0.3,0.8,0.3,0.4,0.7,0.1,0.515,0.3,0.4,0.15,0.15,0.25,0.4,0.2,0.15,42.0
SAT-0165,2014-05-15,10.75,11.42,183.5,Navigation,1,1,1.0,0.5,0.2,0.7,0.4,0.1,0.1,0.405,0.3,0.4,0.15,0.15,0.25,0.4,0.2,0.15,49.2
SAT-0166,2021-01-15,10.27,4.74,493.3,Navigation,1,3,0.462,0.5,0.2,0.7,0.4,0.7,0.1,0.405,0.3,0.4,0.15,0.15,0.25,0.4,0.2,0.15,42.1
SAT-0167,2022-07-28,5.95,3.21,79.0,Navigation,1,1,0.54,0.7,0.2,0.7,0.4,0.1,0.1,0.455,0.3,0.4,0.15,0.15,0.25,0.4,0.2,0.15,37.4
SAT-0168,2007-11-07,5.08,17.94,144.7,Science,2,2,1.0,0.5,0.5,0.7,0.4,0.4,0.1,0.525,0.3,0.4,0.15,0.15,0.25,0.4,0.2,0.15,58.5
SAT-0169,2006-02-19,7.92,19.65,263.7,Navigation,2,3,1.0,0.5,0.5,0.7,0.4,0.7,0.1,0.525,0.3,0.4,0.15,0.15,0.25,0.4,0.2,0.15,63.0
SAT-0170,2008-06-22,14.63,17.31,200.7,Science,1,2,1.0,0.5,0.2,0.7,0.4,0.4,0.1,0.405,0.3,0.4,0.15,0.15,0.25,0.4,0.2,0.15,53.7
SAT-0171,2012-05-30,5.05,13.37,1015.8,Science,1,2,1.0,0.3,0.2,0.3,0.4,0.4,0.1,0.275,0.3,0.4,0.15,0.15,0.25,0.4,0.2,0.15,48.5
SAT-0172,2020-03-08,9.86,5.6,3891.9,Communications,3,2,0.568,0.3,0.8,0.6,0.8,0.4,0.1,0.635,0.3,0.4,0.15,0.15,0.25,0.4,0.2,0.15,49.9
SAT-0173,2017-04-11,6.88,8.51,874.1,Communications,3,3,1.0,0.3,0.8,0.3,0.8,0.7,0.1,0.575,0.3,0.4,0.15,0.15,0.25,0.4,0.2,0.15,65.0
SAT-0174,2013-07-28,4.38,12.21,984.8,Earth Observation,2,2,1.0,0.3,0.5,0.3,0.6,0.4,0.1,0.425,0.3,0.4,0.15,0.15,0.25,0.4,0.2,0.15,54.5
SAT-0175,2016-02-29,4.85,9.62,291.9,Communications,3,2,1.0,0.5,0.8,0.7,0.8,0.4,0.1,0.705,0.3,0.4,0.15,0.15,0.25,0.4,0.2,0.15,65.7
SAT-0176,2023-02-05,7.04,2.69,603.6,Science,2,3,0.382,0.3,0.5,0.3,0.4,0.7,0.1,0.395,0.3,0.4,0.15,0.15,0.25,0.4,0.2,0.15,39.3
SAT-0177,2009-08-02,6.87,16.2,495.0,Communications,3,2,1.0,0.5,0.8,0.7,0.8,0.4,0.1,0.705,0.3,0.4,0.15,0.15,0.25,0.4,0.2,0.15,65.7
SAT-0178,2013-11-14,12.12,11.91,341.7,Science,2,3,0.983,0.5,0.5,0.7,0.4,0.7,0.1,0.525,0.3,0.4,0.15,0.15,0.25,0.4,0.2,0.15,62.5
SAT-0179,2007-03-12,7.19,18.59,207.7,Technology Demo,2,2,1.0,0.5,0.5,0.7,0.4,0.4,0.1,0.525,0.3,0.4,0.15,0.15,0.25,0.4,0.2,0.15,58.5
SAT-0180,2011-03-03,4.49,14.62,2430.1,Navigation,3,1,1.0,0.3,0.8,0.3,0.4,0.1,0.1,0.515,0.3,0.4,0.15,0.15,0.25,0.4,0.2,0.15,53.6
SAT-0181,2010-12-18,3.8,14.82,2953.1,Earth Observation,2,3,1.0,0.3,0.5,0.6,0.6,0.7,0.1,0.485,0.3,0.4,0.15,0.15,0.25,0.4,0.2,0.15,61.4
SAT-0182,2009-11-17,4.68,15.91,2183.7,Technology Demo,3,3,1.0,0.3,0.8,0.3,0.4,0.7,0.1,0.515,0.3,0.4,0.15,0.15,0.25,0.4,0.2,0.15,62.6
SAT-0183,2009-06-29,4.97,16.29,84.3,Earth Observation,3,3,1.0,0.7,0.8,0.7,0.6,0.7,0.1,0.725,0.3,0.4,0.15,0.15,0.25,0.4,0.2,0.15,71.0
SAT-0184,2008-03-29,7.31,17.54,1546.1,Navigation,2,3,1.0,0.3,0.5,0.3,0.4,0.7,0.1,0.395,0.3,0.4,0.15,0.15,0.25,0.4,0.2,0.15,57.8
SAT-0185,2018-03-31,8.27,7.54,408.8,Communications,2,2,0.912,0.5,0.5,0.7,0.8,0.4,0.1,0.585,0.3,0.4,0.15,0.15,0.25,0.4,0.2,0.15,58.2
SAT-0186,2015-09-24,11.97,10.05,152.8,Earth Observation,2,3,0.84,0.5,0.5,0.7,0.6,0.7,0.1,0.555,0.3,0.4,0.15,0.15,0.25,0.4,0.2,0.15,59.4
SAT-0187,2014-11-30,7.61,10.87,450.1,Science,3,2,1.0,0.5,0.8,0.7,0.4,0.4,0.1,0.645,0.3,0.4,0.15,0.15,0.25,0.4,0.2,0.15,63.3
SAT-0188,2006-12-27,4.4,18.8,4060.6,Technology Demo,2,2,1.0,0.3,0.5,0.6,0.4,0.4,0.1,0.455,0.3,0.4,0.15,0.15,0.25,0.4,0.2,0.15,55.7
SAT-0189,2009-11-26,4.67,15.88,1169.8,Earth Observation,3,2,1.0,0.3,0.8,0.3,0.6,0.4,0.1,0.545,0.3,0.4,0.15,0.15,0.25,0.4,0.2,0.15,59.3
SAT-0190,2010-01-05,13.73,15.77,1566.9,Earth Observation,3,1,1.0,0.3,0.8,0.3,0.6,0.1,0.1,0.545,0.3,0.4,0.15,0.15,0.25,0.4,0.2,0.15,54.8
SAT-0191,2010-11-27,5.98,14.88,157.9,Navigation,3,3,1.0,0.5,0.8,0.7,0.4,0.7,0.1,0.645,0.3,0.4,0.15,0.15,0.25,0.4,0.2,0.15,67.8
SAT-0192,2008-04-01,12.15,17.54,286.2,Science,2,1,1.0,0.5,0.5,0.7,0.4,0.1,0.1,0.525,0.3,0.4,0.15,0.15,0.25,0.4,0.2,0.15,54.0
SAT-0193,2008-11-08,4.33,16.93,411.2,Earth Observation,3,2,1.0,0.5,0.8,0.7,0.6,0.4,0.1,0.675,0.3,0.4,0.15,0.15,0.25,0.4,0.2,0.15,64.5
SAT-0194,2022-10-14,12.57,3.0,200.5,Earth Observation,1,1,0.239,0.5,0.2,0.7,0.6,0.1,0.1,0.435,0.3,0.4,0.15,0.15,0.25,0.4,0.2,0.15,27.6
SAT-0195,2012-12-17,11.64,12.82,362.0,Communications,1,1,1.0,0.5,0.2,0.7,0.8,0.1,0.1,0.465,0.3,0.4,0.15,0.15,0.25,0.4,0.2,0.15,51.6
SAT-0196,2018-11-14,6.02,6.91,1585.4,Technology Demo,3,1,1.0,0.3,0.8,0.3,0.4,0.1,0.1,0.515,0.3,0.4,0.15,0.15,0.25,0.4,0.2,0.15,53.6
SAT-0197,2017-10-07,10.0,8.02,454.5,Technology Demo,2,3,0.802,0.5,0.5,0.7,0.4,0.7,0.1,0.525,0.3,0.4,0.15,0.15,0.25,0.4,0.2,0.15,57.0
SAT-0198,2014-01-22,4.84,11.72,473.8,Science,1,3,1.0,0.5,0.2,0.7,0.4,0.7,0.1,0.405,0.3,0.4,0.15,0.15,0.25,0.4,0.2,0.15,58.2
SAT-0199,2008-05-05,3.22,17.44,1722.9,Technology Demo,2,2,1.0,0.3,0.5,0.3,0.4,0.4,0.1,0.395,0.3,0.4,0.15,0.15,0.25,0.4,0.2,0.15,53.3
SAT-0200,2007-05-03,11.36,18.45,3912.8,Earth Observation,1,3,1.0,0.3,0.2,0.6,0.6,0.7,0.1,0.365,0.3,0.4,0.15,0.15,0.25,0.4,0.2,0.15,56.6
SAT-0201,2013-08-25,9.92,12.13,805.1,Communications,1,2,1.0,0.3,0.2,0.3,0.8,0.4,0.1,0.335,0.3,0.4,0.15,0.15,0.25,0.4,0.2,0.15,50.9
SAT-0202,2007-04-10,14.21,18.51,369.0,Earth Observation,1,3,1.0,0.5,0.2,0.7,0.6,0.7,0.1,0.435,0.3,0.4,0.15,0.15,0.25,0.4,0.2,0.15,59.4
SAT-0203,2009-01-02,14.82,16.78,59.3,Science,2,1,1.0,0.7,0.5,0.7,0.4,0.1,0.1,0.575,0.3,0.4,0.15,0.15,0.25,0.4,0.2,0.15,56.0
SAT-0204,2015-05-29,13.44,10.38,460.7,Science,1,1,0.772,0.5,0.2,0.7,0.4,0.1,0.1,0.405,0.3,0.4,0.15,0.15,0.25,0.4,0.2,0.15,42.4
SAT-0205,2019-01-30,3.66,6.7,1298.0,Technology Demo,1,2,1.0,0.3,0.2,0.3,0.4,0.4,0.1,0.275,0.3,0.4,0.15,0.15,0.25,0.4,0.2,0.15,48.5
SAT-0206,2017-10-27,7.0,7.96,509.3,Science,3,3,1.0,0.3,0.8,0.3,0.4,0.7,0.1,0.515,0.3,0.4,0.15,0.15,0.25,0.4,0.2,0.15,62.6
SAT-0207,2018-11-05,7.16,6.94,2339.7,Navigation,2,3,0.97,0.3,0.5,0.3,0.4,0.7,0.1,0.395,0.3,0.4,0.15,0.15,0.25,0.4,0.2,0.15,56.9
SAT-0208,2016-09-25,5.7,9.05,1404.4,Science,2,3,1.0,0.3,0.5,0.3,0.4,0.7,0.1,0.395,0.3,0.4,0.15,0.15,0.25,0.4,0.2,0.15,57.8
SAT-0209,2017-05-28,8.98,8.38,90.7,Technology Demo,1,3,0.933,0.7,0.2,0.7,0.4,0.7,0.1,0.455,0.3,0.4,0.15,0.15,0.25,0.4,0.2,0.15,58.2
SAT-0210,2013-02-20,9.97,12.65,3406.0,Technology Demo,2,2,1.0,0.3,0.5,0.6,0.4,0.4,0.1,0.455,0.3,0.4,0.15,0.15,0.25,0.4,0.2,0.15,55.7
SAT-0211,2006-07-25,5.14,19.22,332.8,Earth Observation,3,2,1.0,0.5,0.8,0.7,0.6,0.4,0.1,0.675,0.3,0.4,0.15,0.15,0.25,0.4,0.2,0.15,64.5
SAT-0212,2005-11-05,4.02,19.94,209.1,Science,2,3,1.0,0.5,0.5,0.7,0.4,0.7,0.1,0.525,0.3,0.4,0.15,0.15,0.25,0.4,0.2,0.15,63.0
SAT-0213,2010-10-14,3.8,15.0,1690.8,Earth Observation,2,2,1.0,0.3,0.5,0.3,0.6,0.4,0.1,0.425,0.3,0.4,0.15,0.15,0.25,0.4,0.2,0.15,54.5
SAT-0214,2021-12-21,5.46,3.81,449.3,Communications,3,2,0.698,0.5,0.8,0.7,0.8,0.4,0.1,0.705,0.3,0.4,0.15,0.15,0.25,0.4,0.2,0.15,56.6
SAT-0215,2024-06-20,9.78,1.31,237.6,Earth Observation,2,2,0.134,0.5,0.5,0.7,0.6,0.4,0.1,0.555,0.3,0.4,0.15,0.15,0.25,0.4,0.2,0.15,33.7
SAT-0216,2016-12-20,9.29,8.82,1406.6,Navigation,3,1,0.949,0.3,0.8,0.3,0.4,0.1,0.1,0.515,0.3,0.4,0.15,0.15,0.25,0.4,0.2,0.15,52.1
SAT-0217,2022-02-23,4.86,3.64,281.1,Earth Observation,1,1,0.748,0.5,0.2,0.7,0.6,0.1,0.1,0.435,0.3,0.4,0.15,0.15,0.25,0.4,0.2,0.15,42.8
SAT-0218,2020-05-15,7.48,5.41,2392.2,Technology Demo,3,1,0.724,0.3,0.8,0.3,0.4,0.1,0.1,0.515,0.3,0.4,0.15,0.15,0.25,0.4,0.2,0.15,45.3
SAT-0219,2022-08-30,3.3,3.12,1317.5,Earth Observation,1,2,0.945,0.3,0.2,0.3,0.6,0.4,0.1,0.305,0.3,0.4,0.15,0.15,0.25,0.4,0.2,0.15,48.1
SAT-0220,2021-05-06,3.33,4.44,1817.8,Technology Demo,2,3,1.0,0.3,0.5,0.3,0.4,0.7,0.1,0.395,0.3,0.4,0.15,0.15,0.25,0.4,0.2,0.15,57.8
SAT-0221,2023-09-14,3.24,2.08,336.9,Technology Demo,2,1,0.643,0.5,0.5,0.7,0.4,0.1,0.1,0.525,0.3,0.4,0.15,0.15,0.25,0.4,0.2,0.15,43.3
SAT-0222,2021-01-08,10.83,4.76,857.1,Earth Observation,2,2,0.44,0.3,0.5,0.3,0.6,0.4,0.1,0.425,0.3,0.4,0.15,0.15,0.25,0.4,0.2,0.15,37.7
SAT-0223,2008-09-02,11.67,17.11,123.9,Science,3,1,1.0,0.5,0.8,0.7,0.4,0.1,0.1,0.645,0.3,0.4,0.15,0.15,0.25,0.4,0.2,0.15,58.8
SAT-0224,2021-09-07,11.02,4.1,1294.4,Science,2,2,0.372,0.3,0.5,0.3,0.4,0.4,0.1,0.395,0.3,0.4,0.15,0.15,0.25,0.4,0.2,0.15,34.5
SAT-0225,2024-01-28,3.16,1.71,448.5,Communications,2,2,0.542,0.5,0.5,0.7,0.8,0.4,0.1,0.585,0.3,0.4,0.15,0.15,0.25,0.4,0.2,0.15,47.2
SAT-0226,2014-02-14,5.18,11.66,16.2,Technology Demo,2,3,1.0,0.7,0.5,0.7,0.4,0.7,0.1,0.575,0.3,0.4,0.15,0.15,0.25,0.4,0.2,0.15,65.0
SAT-0227,2018-12-13,12.81,6.84,446.7,Science,3,1,0.534,0.5,0.8,0.7,0.4,0.1,0.1,0.645,0.3,0.4,0.15,0.15,0.25,0.4,0.2,0.15,44.8
SAT-0228,2020-06-03,10.08,5.36,191.7,Technology Demo,1,2,0.532,0.5,0.2,0.7,0.4,0.4,0.1,0.405,0.3,0.4,0.15,0.15,0.25,0.4,0.2,0.15,39.7
SAT-0229,2017-01-23,9.62,8.72,1318.8,Technology Demo,2,1,0.906,0.3,0.5,0.3,0.4,0.1,0.1,0.395,0.3,0.4,0.15,0.15,0.25,0.4,0.2,0.15,46.0
SAT-0230,2022-12-25,12.16,2.8,474.4,Technology Demo,2,3,0.23,0.5,0.5,0.7,0.4,0.7,0.1,0.525,0.3,0.4,0.15,0.15,0.25,0.4,0.2,0.15,39.9
SAT-0231,2009-10-15,13.73,16.0,1474.9,Technology Demo,3,1,1.0,0.3,0.8,0.3,0.4,0.1,0.1,0.515,0.3,0.4,0.15,0.15,0.25,0.4,0.2,0.15,53.6
SAT-0232,2014-12-14,6.22,10.83,14.2,Technology Demo,1,3,1.0,0.7,0.2,0.7,0.4,0.7,0.1,0.455,0.3,0.4,0.15,0.15,0.25,0.4,0.2,0.15,60.2
SAT-0233,2009-01-31,4.67,16.7,1015.8,Science,1,2,1.0,0.3,0.2,0.3,0.4,0.4,0.1,0.275,0.3,0.4,0.15,0.15,0.25,0.4,0.2,0.15,48.5
SAT-0234,2020-05-03,5.06,5.45,3814.2,Science,3,3,1.0,0.3,0.8,0.6,0.4,0.7,0.1,0.575,0.3,0.4,0.15,0.15,0.25,0.4,0.2,0.15,65.0
SAT-0235,2014-04-03,4.41,11.53,457.4,Communications,1,3,1.0,0.5,0.2,0.7,0.8,0.7,0.1,0.465,0.3,0.4,0.15,0.15,0.25,0.4,0.2,0.15,60.6
SAT-0236,2009-03-10,10.82,16.59,278.4,Technology Demo,1,2,1.0,0.5,0.2,0.7,0.4,0.4,0.1,0.405,0.3,0.4,0.15,0.15,0.25,0.4,0.2,0.15,53.7
SAT-0237,2007-10-14,4.64,18.0,8.5,Earth Observation,1,2,1.0,0.9,0.2,0.7,0.6,0.4,0.1,0.535,0.3,0.4,0.15,0.15,0.25,0.4,0.2,0.15,58.9
SAT-0238,2012-06-25,10.21,13.3,1694.8,Technology Demo,2,1,1.0,0.3,0.5,0.3,0.4,0.1,0.1,0.395,0.3,0.4,0.15,0.15,0.25,0.4,0.2,0.15,48.8
SAT-0239,2018-02-14,8.03,7.66,457.5,Technology Demo,2,2,0.955,0.5,0.5,0.7,0.4,0.4,0.1,0.525,0.3,0.4,0.15,0.15,0.25,0.4,0.2,0.15,57.1
SAT-0240,2011-01-09,5.0,14.76,593.9,Technology Demo,2,2,1.0,0.3,0.5,0.3,0.4,0.4,0.1,0.395,0.3,0.4,0.15,0.15,0.25,0.4,0.2,0.15,53.3
SAT-0241,2017-12-31,5.94,7.79,302.8,Navigation,1,2,1.0,0.5,0.2,0.7,0.4,0.4,0.1,0.405,0.3,0.4,0.15,0.15,0.25,0.4,0.2,0.15,53.7
SAT-0242,2019-11-04,11.63,5.94,179.8,Communications,3,3,0.511,0.5,0.8,0.7,0.8,0.7,0.1,0.705,0.3,0.4,0.15,0.15,0.25,0.4,0.2,0.15,55.5
SAT-0243,2007-01-18,10.96,18.74,1452.1,Communications,2,1,1.0,0.3,0.5,0.3,0.8,0.1,0.1,0.455,0.3,0.4,0.15,0.15,0.25,0.4,0.2,0.15,51.2
SAT-0244,2020-07-16,3.37,5.25,929.9,Communications,3,1,1.0,0.3,0.8,0.3,0.8,0.1,0.1,0.575,0.3,0.4,0.15,0.15,0.25,0.4,0.2,0.15,56.0
SAT-0245,2013-11-06,8.96,11.94,602.9,Communications,1,1,1.0,0.3,0.2,0.3,0.8,0.1,0.1,0.335,0.3,0.4,0.15,0.15,0.25,0.4,0.2,0.15,46.4
SAT-0246,2024-04-13,4.28,1.5,386.1,Communications,3,1,0.351,0.5,0.8,0.7,0.8,0.1,0.1,0.705,0.3,0.4,0.15,0.15,0.25,0.4,0.2,0.15,41.7
SAT-0247,2017-02-01,11.26,8.7,1491.0,Earth Observation,1,2,0.772,0.3,0.2,0.3,0.6,0.4,0.1,0.305,0.3,0.4,0.15,0.15,0.25,0.4,0.2,0.15,42.9
SAT-0248,2011-11-22,12.59,13.89,410.1,Communications,3,1,1.0,0.5,0.8,0.7,0.8,0.1,0.1,0.705,0.3,0.4,0.15,0.15,0.25,0.4,0.2,0.15,61.2
SAT-0249,2023-12-14,7.33,1.83,296.3,Technology Demo,3,2,0.25,0.5,0.8,0.7,0.4,0.4,0.1,0.645,0.3,0.4,0.15,0.15,0.25,0.4,0.2,0.15,40.8
SAT-0250,2016-11-11,14.4,8.92,2842.0,Navigation,1,3,0.619,0.3,0.2,0.6,0.4,0.7,0.1,0.335,0.3,0.4,0.15,0.15,0.25,0.4,0.2,0.15,44.0
SAT-0251,2011-02-21,13.48,14.64,272.3,Science,3,3,1.0,0.5,0.8,0.7,0.4,0.7,0.1,0.645,0.3,0.4,0.15,0.15,0.25,0.4,0.2,0.15,67.8
SAT-0252,2008-10-19,11.31,16.98,1817.6,Communications,1,2,1.0,0.3,0.2,0.3,0.8,0.4,0.1,0.335,0.3,0.4,0.15,0.15,0.25,0.4,0.2,0.15,50.9
SAT-0253,2006-01-12,5.65,19.75,246.2,Communications,3,1,1.0,0.5,0.8,0.7,0.8,0.1,0.1,0.705,0.3,0.4,0.15,0.15,0.25,0.4,0.2,0.15,61.2
SAT-0254,2007-04-13,11.47,18.5,2598.6,Navigation,3,3,1.0,0.3,0.8,0.6,0.4,0.7,0.1,0.575,0.3,0.4,0.15,0.15,0.25,0.4,0.2,0.15,65.0
SAT-0255,2025-02-08,13.99,0.68,285.3,Technology Demo,2,3,0.049,0.5,0.5,0.7,0.4,0.7,0.8,0.525,0.3,0.4,0.15,0.15,0.25,0.4,0.2,0.15,45.0
SAT-0256,2006-05-13,14.09,19.42,1094.7,Earth Observation,1,3,1.0,0.3,0.2,0.3,0.6,0.7,0.1,0.305,0.3,0.4,0.15,0.15,0.25,0.4,0.2,0.15,54.2
SAT-0257,2008-11-22,13.34,16.89,3685.5,Earth Observation,1,3,1.0,0.3,0.2,0.6,0.6,0.7,0.1,0.365,0.3,0.4,0.15,0.15,0.25,0.4,0.2,0.15,56.6
SAT-0258,2013-11-10,3.44,11.93,415.0,Navigation,3,3,1.0,0.5,0.8,0.7,0.4,0.7,0.1,0.645,0.3,0.4,0.15,0.15,0.25,0.4,0.2,0.15,67.8
SAT-0259,2011-11-10,3.92,13.93,62.9,Communications,3,1,1.0,0.7,0.8,0.7,0.8,0.1,0.1,0.755,0.3,0.4,0.15,0.15,0.25,0.4,0.2,0.15,63.2
SAT-0260,2019-06-24,3.78,6.31,363.2,Navigation,3,2,1.0,0.5,0.8,0.7,0.4,0.4,0.1,0.645,0.3,0.4,0.15,0.15,0.25,0.4,0.2,0.15,63.3
SAT-0261,2013-04-07,6.83,12.52,2081.4,Navigation,1,3,1.0,0.3,0.2,0.3,0.4,0.7,0.1,0.275,0.3,0.4,0.15,0.15,0.25,0.4,0.2,0.15,53.0
SAT-0262,2025-04-18,5.8,0.49,1731.7,Navigation,1,2,0.084,0.3,0.2,0.3,0.4,0.4,0.8,0.275,0.3,0.4,0.15,0.15,0.25,0.4,0.2,0.15,31.5
SAT-0263,2015-03-17,13.5,10.58,542.5,Technology Demo,1,2,0.784,0.3,0.2,0.3,0.4,0.4,0.1,0.275,0.3,0.4,0.15,0.15,0.25,0.4,0.2,0.15,42.0
SAT-0264,2018-10-09,14.98,7.01,4497.0,Navigation,3,2,0.468,0.3,0.8,0.6,0.4,0.4,0.1,0.575,0.3,0.4,0.15,0.15,0.25,0.4,0.2,0.15,44.6
SAT-0265,2013-03-27,8.76,12.55,1303.9,Earth Observation,2,1,1.0,0.3,0.5,0.3,0.6,0.1,0.1,0.425,0.3,0.4,0.15,0.15,0.25,0.4,0.2,0.15,50.0
SAT-0266,2017-06-06,12.22,8.36,2468.2,Science,3,2,0.684,0.3,0.8,0.3,0.4,0.4,0.1,0.515,0.3,0.4,0.15,0.15,0.25,0.4,0.2,0.15,48.6
SAT-0267,2023-07-29,5.87,2.21,369.6,Science,3,2,0.377,0.5,0.8,0.7,0.4,0.4,0.1,0.645,0.3,0.4,0.15,0.15,0.25,0.4,0.2,0.15,44.6
SAT-0268,2021-02-10,6.56,4.67,145.8,Technology Demo,2,3,0.713,0.5,0.5,0.7,0.4,0.7,0.1,0.525,0.3,0.4,0.15,0.15,0.25,0.4,0.2,0.15,54.4
SAT-0269,2017-03-25,14.85,8.56,11.9,Science,2,2,0.576,0.7,0.5,0.7,0.4,0.4,0.1,0.575,0.3,0.4,0.15,0.15,0.25,0.4,0.2,0.15,47.8
SAT-0270,2006-10-14,5.62,19.0,340.8,Earth Observation,1,2,1.0,0.5,0.2,0.7,0.6,0.4,0.1,0.435,0.3,0.4,0.15,0.15,0.25,0.4,0.2,0.15,54.9
SAT-0271,2008-03-15,8.01,17.58,678.8,Technology Demo,1,2,1.0,0.3,0.2,0.3,0.4,0.4,0.1,0.275,0.3,0.4,0.15,0.15,0.25,0.4,0.2,0.15,48.5
SAT-0272,2022-06-11,10.36,3.34,3668.5,Science,3,3,0.322,0.3,0.8,0.6,0.4,0.7,0.1,0.575,0.3,0.4,0.15,0.15,0.25,0.4,0.2,0.15,44.7
SAT-0273,2012-10-16,14.31,12.99,3079.2,Technology Demo,2,1,0.908,0.3,0.5,0.6,0.4,0.1,0.1,0.455,0.3,0.4,0.15,0.15,0.25,0.4,0.2,0.15,48.4
SAT-0274,2022-04-03,5.77,3.53,1525.4,Technology Demo,2,1,0.612,0.3,0.5,0.3,0.4,0.1,0.1,0.395,0.3,0.4,0.15,0.15,0.25,0.4,0.2,0.15,37.2
SAT-0275,2018-10-13,12.36,7.0,95.7,Technology Demo,1,2,0.567,0.7,0.2,0.7,0.4,0.4,0.1,0.455,0.3,0.4,0.15,0.15,0.25,0.4,0.2,0.15,42.7
SAT-0276,2007-03-25,13.61,18.56,484.6,Navigation,2,2,1.0,0.5,0.5,0.7,0.4,0.4,0.1,0.525,0.3,0.4,0.15,0.15,0.25,0.4,0.2,0.15,58.5
SAT-0277,2010-08-15,7.75,15.16,2934.7,Science,3,2,1.0,0.3,0.8,0.6,0.4,0.4,0.1,0.575,0.3,0.4,0.15,0.15,0.25,0.4,0.2,0.15,60.5
SAT-0278,2021-04-18,12.79,4.49,807.8,Science,1,3,0.351,0.3,0.2,0.3,0.4,0.7,0.1,0.275,0.3,0.4,0.15,0.15,0.25,0.4,0.2,0.15,33.5
SAT-0279,2014-03-08,10.12,11.6,269.9,Earth Observation,1,1,1.0,0.5,0.2,0.7,0.6,0.1,0.1,0.435,0.3,0.4,0.15,0.15,0.25,0.4,0.2,0.15,50.4
SAT-0280,2023-03-12,6.19,2.59,439.1,Technology Demo,2,3,0.419,0.5,0.5,0.7,0.4,0.7,0.1,0.525,0.3,0.4,0.15,0.15,0.25,0.4,0.2,0.15,45.6
SAT-0281,2009-08-05,13.35,16.19,2411.3,Earth Observation,3,2,1.0,0.3,0.8,0.3,0.6,0.4,0.1,0.545,0.3,0.4,0.15,0.15,0.25,0.4,0.2,0.15,59.3
SAT-0282,2017-08-13,4.04,8.17,1601.7,Technology Demo,2,1,1.0,0.3,0.5,0.3,0.4,0.1,0.1,0.395,0.3,0.4,0.15,0.15,0.25,0.4,0.2,0.15,48.8
SAT-0283,2015-11-13,11.68,9.92,132.1,Communications,2,1,0.849,0.5,0.5,0.7,0.8,0.1,0.1,0.585,0.3,0.4,0.15,0.15,0.25,0.4,0.2,0.15,51.9
SAT-0284,2024-04-05,11.2,1.52,112.4,Technology Demo,3,1,0.136,0.5,0.8,0.7,0.4,0.1,0.1,0.645,0.3,0.4,0.15,0.15,0.25,0.4,0.2,0.15,32.9
SAT-0285,2013-12-08,8.77,11.85,1490.3,Navigation,3,3,1.0,0.3,0.8,0.3,0.4,0.7,0.1,0.515,0.3,0.4,0.15,0.15,0.25,0.4,0.2,0.15,62.6
SAT-0286,2014-06-21,11.14,11.31,1195.6,Navigation,2,3,1.0,0.3,0.5,0.3,0.4,0.7,0.1,0.395,0.3,0.4,0.15,0.15,0.25,0.4,0.2,0.15,57.8
SAT-0287,2012-08-13,12.57,13.17,439.7,Science,2,2,1.0,0.5,0.5,0.7,0.4,0.4,0.1,0.525,0.3,0.4,0.15,0.15,0.25,0.4,0.2,0.15,58.5
SAT-0288,2009-01-16,11.5,16.74,2234.6,Science,2,2,1.0,0.3,0.5,0.3,0.4,0.4,0.1,0.395,0.3,0.4,0.15,0.15,0.25,0.4,0.2,0.15,53.3
SAT-0289,2010-09-24,10.42,15.05,1860.3,Technology Demo,2,2,1.0,0.3,0.5,0.3,0.4,0.4,0.1,0.395,0.3,0.4,0.15,0.15,0.25,0.4,0.2,0.15,53.3
SAT-0290,2025-03-14,13.46,0.58,440.8,Navigation,1,1,0.043,0.5,0.2,0.7,0.4,0.1,0.8,0.405,0.3,0.4,0.15,0.15,0.25,0.4,0.2,0.15,31.0
SAT-0291,2010-11-30,7.02,14.87,757.7,Earth Observation,2,1,1.0,0.3,0.5,0.3,0.6,0.1,0.1,0.425,0.3,0.4,0.15,0.15,0.25,0.4,0.2,0.15,50.0
SAT-0292,2015-08-20,12.99,10.15,409.5,Science,3,1,0.782,0.5,0.8,0.7,0.4,0.1,0.1,0.645,0.3,0.4,0.15,0.15,0.25,0.4,0.2,0.15,52.2
SAT-0293,2006-02-28,10.4,19.62,145.7,Earth Observation,1,3,1.0,0.5,0.2,0.7,0.6,0.7,0.1,0.435,0.3,0.4,0.15,0.15,0.25,0.4,0.2,0.15,59.4
SAT-0294,2014-12-26,10.61,10.8,1019.6,Technology Demo,2,3,1.0,0.3,0.5,0.3,0.4,0.7,0.1,0.395,0.3,0.4,0.15,0.15,0.25,0.4,0.2,0.15,57.8
SAT-0295,2014-12-17,12.13,10.83,714.0,Science,3,3,0.892,0.3,0.8,0.3,0.4,0.7,0.1,0.515,0.3,0.4,0.15,0.15,0.25,0.4,0.2,0.15,59.4
SAT-0296,2007-02-22,10.59,18.64,3354.7,Navigation,1,1,1.0,0.3,0.2,0.6,0.4,0.1,0.1,0.335,0.3,0.4,0.15,0.15,0.25,0.4,0.2,0.15,46.4
SAT-0297,2024-06-05,11.25,1.36,468.8,Navigation,1,2,0.121,0.5,0.2,0.7,0.4,0.4,0.1,0.405,0.3,0.4,0.15,0.15,0.25,0.4,0.2,0.15,27.3
SAT-0298,2014-02-21,3.81,11.64,355.0,Earth Observation,2,1,1.0,0.5,0.5,0.7,0.6,0.1,0.1,0.555,0.3,0.4,0.15,0.15,0.25,0.4,0.2,0.15,55.2
SAT-0299,2008-05-09,3.55,17.43,311.6,Science,1,2,1.0,0.5,0.2,0.7,0.4,0.4,0.1,0.405,0.3,0.4,0.15,0.15,0.25,0.4,0.2,0.15,53.7
SAT-0300,2023-03-08,12.0,2.6,4922.2,Communications,1,3,0.217,0.3,0.2,0.6,0.8,0.7,0.1,0.395,0.3,0.4,0.15,0.15,0.25,0.4,0.2,0.15,34.3
